[
  {
    "artistName": "Chris Brown",
    "segment": "Previously Active Listeners"
  },
  {
    "artistName": "Khalil Harrison",
    "segment": "Previously Active Listeners"
  },
  {
    "artistName": "Madumane",
    "segment": "Previously Active Listeners"
  },
  {
    "artistName": "Henry Moodie",
    "segment": "Previously Active Listeners"
  },
  {
    "artistName": "Michael W. Smith",
    "segment": "Previously Active Listeners"
  },
  {
    "artistName": "Myztro",
    "segment": "Previously Active Listeners"
  },
  {
    "artistName": "gnash",
    "segment": "Previously Active Listeners"
  },
  {
    "artistName": "TAYA",
    "segment": "Previously Active Listeners"
  },
  {
    "artistName": "Phil Wickham",
    "segment": "Light listeners"
  },
  {
    "artistName": "Tems",
    "segment": "Super Listeners"
  },
  {
    "artistName": "Rod Wave",
    "segment": "Previously Active Listeners"
  },
  {
    "artistName": "JENNIE",
    "segment": "Previously Active Listeners"
  },
  {
    "artistName": "Wizkid",
    "segment": "Light listeners"
  },
  {
    "artistName": "Kabza De Small",
    "segment": "Previously Active Listeners"
  },
  {
    "artistName": "Doja Cat",
    "segment": "Previously Active Listeners"
  },
  {
    "artistName": "Magixx",
    "segment": "Previously Active Listeners"
  },
  {
    "artistName": "Pheelz",
    "segment": "Previously Active Listeners"
  },
  {
    "artistName": "Ann Marie",
    "segment": "Previously Active Listeners"
  },
  {
    "artistName": "Melissa Helser",
    "segment": "Previously Active Listeners"
  },
  {
    "artistName": "Jay Melody",
    "segment": "Previously Active Listeners"
  },
  {
    "artistName": "Mimi Webb",
    "segment": "Previously Active Listeners"
  },
  {
    "artistName": "Central Cee",
    "segment": "Previously Active Listeners"
  },
  {
    "artistName": "Casting Crowns",
    "segment": "Previously Active Listeners"
  },
  {
    "artistName": "Lily-Rose Depp",
    "segment": "Previously Active Listeners"
  },
  {
    "artistName": "Bethel Music",
    "segment": "Previously Active Listeners"
  },
  {
    "artistName": "Clara La San",
    "segment": "Previously Active Listeners"
  },
  {
    "artistName": "Jesus Image",
    "segment": "Previously Active Listeners"
  },
  {
    "artistName": "Focalistic",
    "segment": "Previously Active Listeners"
  },
  {
    "artistName": "TOSS",
    "segment": "Previously Active Listeners"
  },
  {
    "artistName": "Ruger",
    "segment": "Previously Active Listeners"
  },
  {
    "artistName": "Blaqbonez",
    "segment": "Previously Active Listeners"
  },
  {
    "artistName": "KB Mike",
    "segment": "Previously Active Listeners"
  },
  {
    "artistName": "Ayra Starr",
    "segment": "Light listeners"
  },
  {
    "artistName": "NLE Choppa",
    "segment": "Previously Active Listeners"
  },
  {
    "artistName": "Jenn Johnson",
    "segment": "Previously Active Listeners"
  },
  {
    "artistName": "Olamide",
    "segment": "Previously Active Listeners"
  },
  {
    "artistName": "Rema",
    "segment": "Previously Active Listeners"
  },
  {
    "artistName": "Jewels",
    "segment": "Previously Active Listeners"
  },
  {
    "artistName": "Naomi Raine",
    "segment": "Previously Active Listeners"
  },
  {
    "artistName": "Daniel Caesar",
    "segment": "Previously Active Listeners"
  },
  {
    "artistName": "Kristian Stanfill",
    "segment": "Previously Active Listeners"
  },
  {
    "artistName": "Njerae",
    "segment": "Light listeners"
  },
  {
    "artistName": "Tommy Lee Sparta",
    "segment": "Previously Active Listeners"
  },
  {
    "artistName": "Shenseea",
    "segment": "Previously Active Listeners"
  },
  {
    "artistName": "Rachel Grae",
    "segment": "Previously Active Listeners"
  },
  {
    "artistName": "Young Stunna",
    "segment": "Previously Active Listeners"
  },
  {
    "artistName": "Zuchu",
    "segment": "Previously Active Listeners"
  },
  {
    "artistName": "Miguel",
    "segment": "Previously Active Listeners"
  },
  {
    "artistName": "The Neptunes",
    "segment": "Previously Active Listeners"
  },
  {
    "artistName": "Felo Le Tee",
    "segment": "Previously Active Listeners"
  },
  {
    "artistName": "Gyptian",
    "segment": "Previously Active Listeners"
  },
  {
    "artistName": "Joe L Barnes",
    "segment": "Previously Active Listeners"
  },
  {
    "artistName": "Jonathan David Helser",
    "segment": "Previously Active Listeners"
  },
  {
    "artistName": "Summer Walker",
    "segment": "Previously Active Listeners"
  },
  {
    "artistName": "Davido",
    "segment": "Previously Active Listeners"
  },
  {
    "artistName": "Bnxn",
    "segment": "Previously Active Listeners"
  },
  {
    "artistName": "21 Savage",
    "segment": "Previously Active Listeners"
  },
  {
    "artistName": "Blaiz Fayah",
    "segment": "Previously Active Listeners"
  },
  {
    "artistName": "Janine",
    "segment": "Previously Active Listeners"
  },
  {
    "artistName": "Kizz Daniel",
    "segment": "Previously Active Listeners"
  },
  {
    "artistName": "Shay Aloré",
    "segment": "Previously Active Listeners"
  },
  {
    "artistName": "Lil Donald",
    "segment": "Previously Active Listeners"
  },
  {
    "artistName": "Chris Martin",
    "segment": "Previously Active Listeners"
  },
  {
    "artistName": "Flavour",
    "segment": "Previously Active Listeners"
  },
  {
    "artistName": "Playboi Carti",
    "segment": "Previously Active Listeners"
  },
  {
    "artistName": "Libianca",
    "segment": "Previously Active Listeners"
  },
  {
    "artistName": "Soundz",
    "segment": "Previously Active Listeners"
  },
  {
    "artistName": "Zach Williams",
    "segment": "Previously Active Listeners"
  },
  {
    "artistName": "Tion Wayne",
    "segment": "Previously Active Listeners"
  },
  {
    "artistName": "Sauti Sol",
    "segment": "Previously Active Listeners"
  },
  {
    "artistName": "Black Sherif",
    "segment": "Previously Active Listeners"
  },
  {
    "artistName": "Ella Mai",
    "segment": "Previously Active Listeners"
  },
  {
    "artistName": "Tribal Kush",
    "segment": "Previously Active Listeners"
  },
  {
    "artistName": "SjavasDaDeejay",
    "segment": "Previously Active Listeners"
  },
  {
    "artistName": "LeeMcKrazy",
    "segment": "Previously Active Listeners"
  },
  {
    "artistName": "Lilmaina",
    "segment": "Previously Active Listeners"
  },
  {
    "artistName": "Steve Crown",
    "segment": "Previously Active Listeners"
  },
  {
    "artistName": "Tyler ICU",
    "segment": "Previously Active Listeners"
  },
  {
    "artistName": "Lil Tjay",
    "segment": "Previously Active Listeners"
  },
  {
    "artistName": "Kid AlpHa",
    "segment": "Previously Active Listeners"
  },
  {
    "artistName": "Toosii",
    "segment": "Previously Active Listeners"
  },
  {
    "artistName": "Chase Atlantic",
    "segment": "Light listeners"
  },
  {
    "artistName": "¥$",
    "segment": "Previously Active Listeners"
  },
  {
    "artistName": "FAVE",
    "segment": "Previously Active Listeners"
  },
  {
    "artistName": "Yarden",
    "segment": "Previously Active Listeners"
  },
  {
    "artistName": "Mashudu",
    "segment": "Previously Active Listeners"
  },
  {
    "artistName": "Vancouver Sleep Clinic",
    "segment": "Previously Active Listeners"
  },
  {
    "artistName": "Nemchel",
    "segment": "Previously Active Listeners"
  },
  {
    "artistName": "Kari Jobe",
    "segment": "Previously Active Listeners"
  },
  {
    "artistName": "Tyla",
    "segment": "Previously Active Listeners"
  },
  {
    "artistName": "DJ Neptune",
    "segment": "Previously Active Listeners"
  },
  {
    "artistName": "Wakadinali",
    "segment": "Previously Active Listeners"
  },
  {
    "artistName": "Soa Mattrix",
    "segment": "Previously Active Listeners"
  },
  {
    "artistName": "Kenya Grace",
    "segment": "Previously Active Listeners"
  },
  {
    "artistName": "Chris Martin",
    "segment": "Previously Active Listeners"
  },
  {
    "artistName": "girl in red",
    "segment": "Previously Active Listeners"
  },
  {
    "artistName": "Yung Bleu",
    "segment": "Previously Active Listeners"
  },
  {
    "artistName": "Tate McRae",
    "segment": "Previously Active Listeners"
  },
  {
    "artistName": "Erica Mason",
    "segment": "Previously Active Listeners"
  },
  {
    "artistName": "Tink",
    "segment": "Previously Active Listeners"
  },
  {
    "artistName": "SZA",
    "segment": "Previously Active Listeners"
  },
  {
    "artistName": "PARTYNEXTDOOR",
    "segment": "Super Listeners"
  },
  {
    "artistName": "Nathaniel Bassey",
    "segment": "Previously Active Listeners"
  },
  {
    "artistName": "G-Eazy",
    "segment": "Previously Active Listeners"
  },
  {
    "artistName": "Iyanya",
    "segment": "Previously Active Listeners"
  },
  {
    "artistName": "Travis Scott",
    "segment": "Previously Active Listeners"
  },
  {
    "artistName": "Burna Boy",
    "segment": "Previously Active Listeners"
  },
  {
    "artistName": "Jhené Aiko",
    "segment": "Previously Active Listeners"
  },
  {
    "artistName": "Faye Webster",
    "segment": "Previously Active Listeners"
  },
  {
    "artistName": "juju<3",
    "segment": "Previously Active Listeners"
  },
  {
    "artistName": "3Breezy",
    "segment": "Previously Active Listeners"
  },
  {
    "artistName": "Zevia",
    "segment": "Previously Active Listeners"
  },
  {
    "artistName": "Lambo4oe",
    "segment": "Previously Active Listeners"
  },
  {
    "artistName": "Dave",
    "segment": "Previously Active Listeners"
  },
  {
    "artistName": "TheARTI$t",
    "segment": "Previously Active Listeners"
  },
  {
    "artistName": "Idman",
    "segment": "Previously Active Listeners"
  },
  {
    "artistName": "DJ Maphorisa",
    "segment": "Previously Active Listeners"
  },
  {
    "artistName": "Zum",
    "segment": "Previously Active Listeners"
  },
  {
    "artistName": "LilGlowKev",
    "segment": "Previously Active Listeners"
  },
  {
    "artistName": "Highlyy",
    "segment": "Previously Active Listeners"
  },
  {
    "artistName": "Travis Greene",
    "segment": "Previously Active Listeners"
  },
  {
    "artistName": "Layton Greene",
    "segment": "Previously Active Listeners"
  },
  {
    "artistName": "EMPIRE",
    "segment": "Previously Active Listeners"
  },
  {
    "artistName": "Victor Thompson",
    "segment": "Previously Active Listeners"
  },
  {
    "artistName": "Johnny Johnny",
    "segment": "Previously Active Listeners"
  },
  {
    "artistName": "Nicki Minaj",
    "segment": "Previously Active Listeners"
  },
  {
    "artistName": "Kanye West",
    "segment": "Previously Active Listeners"
  },
  {
    "artistName": "Passion",
    "segment": "Previously Active Listeners"
  },
  {
    "artistName": "Coi Leray",
    "segment": "Previously Active Listeners"
  },
  {
    "artistName": "Christina Shusho",
    "segment": "Previously Active Listeners"
  },
  {
    "artistName": "BURUKLYN BOYZ",
    "segment": "Previously Active Listeners"
  },
  {
    "artistName": "Praiz",
    "segment": "Previously Active Listeners"
  },
  {
    "artistName": "Jesus Culture",
    "segment": "Previously Active Listeners"
  },
  {
    "artistName": "Various Artists",
    "segment": "Previously Active Listeners"
  },
  {
    "artistName": "Sydney Renae",
    "segment": "Previously Active Listeners"
  },
  {
    "artistName": "Pabi Cooper",
    "segment": "Previously Active Listeners"
  },
  {
    "artistName": "Kiana Ledé",
    "segment": "Previously Active Listeners"
  },
  {
    "artistName": "Drake",
    "segment": "Moderate listeners"
  },
  {
    "artistName": "Christopher Martin",
    "segment": "Previously Active Listeners"
  },
  {
    "artistName": "Sexyy Red",
    "segment": "Previously Active Listeners"
  },
  {
    "artistName": "Kelsea Ballerini",
    "segment": "Previously Active Listeners"
  },
  {
    "artistName": "Fancy Fingers",
    "segment": "Light listeners"
  },
  {
    "artistName": "Ashley Kutcher",
    "segment": "Previously Active Listeners"
  },
  {
    "artistName": "Montell Fish",
    "segment": "Previously Active Listeners"
  },
  {
    "artistName": "Ty Dolla $ign",
    "segment": "Previously Active Listeners"
  },
  {
    "artistName": "Queen Naija",
    "segment": "Previously Active Listeners"
  },
  {
    "artistName": "Uncle Waffles",
    "segment": "Previously Active Listeners"
  },
  {
    "artistName": "Flume",
    "segment": "Previously Active Listeners"
  },
  {
    "artistName": "Harry Craze",
    "segment": "Previously Active Listeners"
  },
  {
    "artistName": "Conan Gray",
    "segment": "Previously Active Listeners"
  },
  {
    "artistName": "Omeretta the Great",
    "segment": "Previously Active Listeners"
  },
  {
    "artistName": "Nyashinski",
    "segment": "Previously Active Listeners"
  },
  {
    "artistName": "Justin Bieber",
    "segment": "Previously Active Listeners"
  },
  {
    "artistName": "DYANA CODS",
    "segment": "Previously Active Listeners"
  },
  {
    "artistName": "Freshyo livinglarge",
    "segment": "Previously Active Listeners"
  },
  {
    "artistName": "Future",
    "segment": "Moderate listeners"
  },
  {
    "artistName": "Joeboy",
    "segment": "Previously Active Listeners"
  },
  {
    "artistName": "Trippie Redd",
    "segment": "Previously Active Listeners"
  },
  {
    "artistName": "Chley",
    "segment": "Previously Active Listeners"
  },
  {
    "artistName": "Rihanna",
    "segment": "Previously Active Listeners"
  },
  {
    "artistName": "Dj Glad",
    "segment": "Previously Active Listeners"
  },
  {
    "artistName": "Keynote",
    "segment": "Previously Active Listeners"
  },
  {
    "artistName": "The Neighbourhood",
    "segment": "Previously Active Listeners"
  },
  {
    "artistName": "Holy drill",
    "segment": "Previously Active Listeners"
  },
  {
    "artistName": "LIL MAINA",
    "segment": "Previously Active Listeners"
  },
  {
    "artistName": "Wendy Shay",
    "segment": "Previously Active Listeners"
  },
  {
    "artistName": "Ravyn Lenae",
    "segment": "Previously Active Listeners"
  },
  {
    "artistName": "Mellow & Sleazy",
    "segment": "Previously Active Listeners"
  },
  {
    "artistName": "DBN Gogo",
    "segment": "Previously Active Listeners"
  },
  {
    "artistName": "Maverick City Music",
    "segment": "Previously Active Listeners"
  },
  {
    "artistName": "Original Koffee",
    "segment": "Previously Active Listeners"
  },
  {
    "artistName": "Chop Daily",
    "segment": "Previously Active Listeners"
  },
  {
    "artistName": "Pharrell Williams",
    "segment": "Previously Active Listeners"
  },
  {
    "artistName": "Rich Gang",
    "segment": "Previously Active Listeners"
  },
  {
    "artistName": "Giveon",
    "segment": "Previously Active Listeners"
  },
  {
    "artistName": "Whitney Houston",
    "segment": "Previously Active Listeners"
  },
  {
    "artistName": "Bayanni",
    "segment": "Previously Active Listeners"
  },
  {
    "artistName": "Daliwonga",
    "segment": "Previously Active Listeners"
  },
  {
    "artistName": "Ya Levis",
    "segment": "Previously Active Listeners"
  },
  {
    "artistName": "Here Be Lions",
    "segment": "Previously Active Listeners"
  },
  {
    "artistName": "Eminem",
    "segment": "Previously Active Listeners"
  },
  {
    "artistName": "Hillsong UNITED",
    "segment": "Previously Active Listeners"
  },
  {
    "artistName": "Rich The Kid",
    "segment": "Previously Active Listeners"
  },
  {
    "artistName": "DonGiela",
    "segment": "Previously Active Listeners"
  },
  {
    "artistName": "Fireboy DML",
    "segment": "Previously Active Listeners"
  },
  {
    "artistName": "Isabel LaRosa",
    "segment": "Previously Active Listeners"
  },
  {
    "artistName": "Fathermoh",
    "segment": "Previously Active Listeners"
  },
  {
    "artistName": "Billnass",
    "segment": "Previously Active Listeners"
  },
  {
    "artistName": "NDOVU KUU",
    "segment": "Previously Active Listeners"
  },
  {
    "artistName": "ZAYN",
    "segment": "Previously Active Listeners"
  },
  {
    "artistName": "Elevation Worship",
    "segment": "Previously Active Listeners"
  },
  {
    "artistName": "Vybz Kartel",
    "segment": "Previously Active Listeners"
  },
  {
    "artistName": "Bien",
    "segment": "Moderate listeners"
  },
  {
    "artistName": "Kehlani",
    "segment": "Previously Active Listeners"
  },
  {
    "artistName": "SUICIDAL-IDOL",
    "segment": "Previously Active Listeners"
  },
  {
    "artistName": "Fridayy",
    "segment": "Previously Active Listeners"
  },
  {
    "artistName": "Moyann",
    "segment": "Previously Active Listeners"
  },
  {
    "artistName": "Popcaan",
    "segment": "Previously Active Listeners"
  },
  {
    "artistName": "Oxlade",
    "segment": "Previously Active Listeners"
  },
  {
    "artistName": "Ms Banks",
    "segment": "Light listeners"
  },
  {
    "artistName": "Lauren Spencer Smith",
    "segment": "Previously Active Listeners"
  },
  {
    "artistName": "Mitski",
    "segment": "Previously Active Listeners"
  },
  {
    "artistName": "MHD",
    "segment": "Previously Active Listeners"
  },
  {
    "artistName": "Childish Gambino",
    "segment": "Previously Active Listeners"
  },
  {
    "artistName": "The Weeknd",
    "segment": "Previously Active Listeners"
  },
  {
    "artistName": "Bryson Tiller",
    "segment": "Previously Active Listeners"
  },
  {
    "artistName": "Asake",
    "segment": "Previously Active Listeners"
  },
  {
    "artistName": "Kendrick Lamar",
    "segment": "Previously Active Listeners"
  },
  {
    "artistName": "Omah Lay",
    "segment": "Previously Active Listeners"
  },
  {
    "artistName": "Aqyila",
    "segment": "Previously Active Listeners"
  },
  {
    "artistName": "Lemarti Music Band",
    "segment": "Previously Active Listeners"
  }
]