{
  "playlists": [
    {
      "name": "Paint a picture perfect",
      "lastModifiedDate": "2024-06-01",
      "items": [
        {
          "track": {
            "trackName": "Love Songs - Bonus",
            "artistName": "Kaash Paige",
            "albumName": "Parked Car Convos",
            "trackUri": "spotify:track:6qL5UWxRSQYml9O99ozoLv"
          },
          "episode": null,
          "audiobook": null,
          "localTrack": null,
          "addedDate": "2024-06-01"
        },
        {
          "track": {
            "trackName": "Girls Need Love",
            "artistName": "Summer Walker",
            "albumName": "Last Day Of Summer",
            "trackUri": "spotify:track:644rGY6maSElnKVsAg1gJj"
          },
          "episode": null,
          "audiobook": null,
          "localTrack": null,
          "addedDate": "2024-06-01"
        },
        {
          "track": {
            "trackName": "Loveeeeeee Song",
            "artistName": "Rihanna",
            "albumName": "Unapologetic",
            "trackUri": "spotify:track:3DZQ6mzUkAdHqZWzqxBKIK"
          },
          "episode": null,
          "audiobook": null,
          "localTrack": null,
          "addedDate": "2024-06-01"
        },
        {
          "track": {
            "trackName": "B.S. (feat. H.E.R.)",
            "artistName": "Jhené Aiko",
            "albumName": "Chilombo",
            "trackUri": "spotify:track:63wx9vdskaXbYxyDx4oJCZ"
          },
          "episode": null,
          "audiobook": null,
          "localTrack": null,
          "addedDate": "2024-06-01"
        },
        {
          "track": {
            "trackName": "No Love (with SZA)",
            "artistName": "Summer Walker",
            "albumName": "Still Over It",
            "trackUri": "spotify:track:08SB2OtZkaliju77WYEKxk"
          },
          "episode": null,
          "audiobook": null,
          "localTrack": null,
          "addedDate": "2024-06-01"
        },
        {
          "track": {
            "trackName": "Good Days",
            "artistName": "SZA",
            "albumName": "SOS",
            "trackUri": "spotify:track:4PMqSO5qyjpvzhlLI5GnID"
          },
          "episode": null,
          "audiobook": null,
          "localTrack": null,
          "addedDate": "2024-06-01"
        },
        {
          "track": {
            "trackName": "Normal Girl",
            "artistName": "SZA",
            "albumName": "Ctrl",
            "trackUri": "spotify:track:5fQBa4wkmq28xpSLOQ202K"
          },
          "episode": null,
          "audiobook": null,
          "localTrack": null,
          "addedDate": "2024-06-01"
        },
        {
          "track": {
            "trackName": "You Right",
            "artistName": "Doja Cat",
            "albumName": "Planet Her",
            "trackUri": "spotify:track:0k4d5YPDr1r7FX77VdqWez"
          },
          "episode": null,
          "audiobook": null,
          "localTrack": null,
          "addedDate": "2024-06-01"
        },
        {
          "track": {
            "trackName": "P*$$Y Fairy (OTW)",
            "artistName": "Jhené Aiko",
            "albumName": "P*$$Y Fairy (OTW)",
            "trackUri": "spotify:track:48KXAIruJ07kJVCWOGohMV"
          },
          "episode": null,
          "audiobook": null,
          "localTrack": null,
          "addedDate": "2024-06-01"
        },
        {
          "track": {
            "trackName": "Awkward",
            "artistName": "SZA",
            "albumName": "Ctrl (Deluxe)",
            "trackUri": "spotify:track:2xZ0zfuDTv5LxLhEgD82PG"
          },
          "episode": null,
          "audiobook": null,
          "localTrack": null,
          "addedDate": "2024-06-01"
        },
        {
          "track": {
            "trackName": "Kiss It Better",
            "artistName": "Rihanna",
            "albumName": "ANTI",
            "trackUri": "spotify:track:0UHB9METy4VCXNgkcGqHqS"
          },
          "episode": null,
          "audiobook": null,
          "localTrack": null,
          "addedDate": "2024-06-01"
        },
        {
          "track": {
            "trackName": "Favorite Mistake",
            "artistName": "Giveon",
            "albumName": "TAKE TIME",
            "trackUri": "spotify:track:4rHIfYRQw6ittRQXAlurk0"
          },
          "episode": null,
          "audiobook": null,
          "localTrack": null,
          "addedDate": "2024-06-01"
        },
        {
          "track": {
            "trackName": "Back to the Streets (feat. Jhené Aiko)",
            "artistName": "Saweetie",
            "albumName": "Back to the Streets (feat. Jhené Aiko)",
            "trackUri": "spotify:track:3MEruRteiUZXkStfTlZqRn"
          },
          "episode": null,
          "audiobook": null,
          "localTrack": null,
          "addedDate": "2024-06-01"
        },
        {
          "track": {
            "trackName": "I Wish you Roses",
            "artistName": "Kali Uchis",
            "albumName": "Red Moon In Venus",
            "trackUri": "spotify:track:35SbrfbaSpGUBX7e5BPega"
          },
          "episode": null,
          "audiobook": null,
          "localTrack": null,
          "addedDate": "2024-06-01"
        },
        {
          "track": {
            "trackName": "All For Me",
            "artistName": "Mariah the Scientist",
            "albumName": "RY RY WORLD",
            "trackUri": "spotify:track:7vIDhgD7WWTMpvgJebImoN"
          },
          "episode": null,
          "audiobook": null,
          "localTrack": null,
          "addedDate": "2024-06-01"
        },
        {
          "track": {
            "trackName": "fue mejor (feat. SZA)",
            "artistName": "Kali Uchis",
            "albumName": "Sin Miedo (del Amor y Otros Demonios) ∞",
            "trackUri": "spotify:track:4AIiCP2scA6jt6jAKfkvTX"
          },
          "episode": null,
          "audiobook": null,
          "localTrack": null,
          "addedDate": "2024-06-01"
        },
        {
          "track": {
            "trackName": "After The Storm (feat. Tyler, The Creator & Bootsy Collins)",
            "artistName": "Kali Uchis",
            "albumName": "Isolation",
            "trackUri": "spotify:track:1otG6j1WHNvl9WgXLWkHTo"
          },
          "episode": null,
          "audiobook": null,
          "localTrack": null,
          "addedDate": "2024-06-01"
        },
        {
          "track": {
            "trackName": "Maybe",
            "artistName": "Mariah the Scientist",
            "albumName": "RY RY WORLD",
            "trackUri": "spotify:track:3UlrhlmIhOVULtQbrJT5Be"
          },
          "episode": null,
          "audiobook": null,
          "localTrack": null,
          "addedDate": "2024-06-01"
        },
        {
          "track": {
            "trackName": "White Tee (with NO1-NOAH)",
            "artistName": "Summer Walker",
            "albumName": "Life On Earth - EP",
            "trackUri": "spotify:track:5m0eMnsWwzgGsUxe1mhFYR"
          },
          "episode": null,
          "audiobook": null,
          "localTrack": null,
          "addedDate": "2024-06-01"
        }
      ],
      "description": null,
      "numberOfFollowers": 0
    },
    {
      "name": "Jhene aiko😭🎀",
      "lastModifiedDate": "2024-06-01",
      "items": [
        {
          "track": {
            "trackName": "Promises",
            "artistName": "Jhené Aiko",
            "albumName": "Souled Out",
            "trackUri": "spotify:track:4ThyHM57HG7pnLudis9b0M"
          },
          "episode": null,
          "audiobook": null,
          "localTrack": null,
          "addedDate": "2024-04-14"
        },
        {
          "track": {
            "trackName": "While We're Young",
            "artistName": "Jhené Aiko",
            "albumName": "Trip",
            "trackUri": "spotify:track:4mL59LVbKgOpEACxraGYdr"
          },
          "episode": null,
          "audiobook": null,
          "localTrack": null,
          "addedDate": "2024-04-14"
        },
        {
          "track": {
            "trackName": "Sativa",
            "artistName": "Jhené Aiko",
            "albumName": "Trip",
            "trackUri": "spotify:track:2pg2TiYo9Rb8KeB5JjP7jS"
          },
          "episode": null,
          "audiobook": null,
          "localTrack": null,
          "addedDate": "2024-04-14"
        },
        {
          "track": {
            "trackName": "Moments",
            "artistName": "Jhené Aiko",
            "albumName": "Trip",
            "trackUri": "spotify:track:2nvmHk4JnsZ94mygliLsou"
          },
          "episode": null,
          "audiobook": null,
          "localTrack": null,
          "addedDate": "2024-04-14"
        },
        {
          "track": {
            "trackName": "New Balance",
            "artistName": "Jhené Aiko",
            "albumName": "Trip",
            "trackUri": "spotify:track:0PYmO55JPwEWgtyJbkN6mq"
          },
          "episode": null,
          "audiobook": null,
          "localTrack": null,
          "addedDate": "2024-04-14"
        },
        {
          "track": {
            "trackName": "Never Call Me",
            "artistName": "Jhené Aiko",
            "albumName": "Trip",
            "trackUri": "spotify:track:0WXct4PcELq8Jh1R4Yhw4W"
          },
          "episode": null,
          "audiobook": null,
          "localTrack": null,
          "addedDate": "2024-04-14"
        },
        {
          "track": {
            "trackName": "Comfort Inn Ending (Freestyle)",
            "artistName": "Jhené Aiko",
            "albumName": "Sail Out",
            "trackUri": "spotify:track:03mfJFcTsxfldb0DPI4ygj"
          },
          "episode": null,
          "audiobook": null,
          "localTrack": null,
          "addedDate": "2024-04-14"
        },
        {
          "track": {
            "trackName": "Bed Peace",
            "artistName": "Jhené Aiko",
            "albumName": "Sail Out",
            "trackUri": "spotify:track:5Ck3e6z1bcSCes5gdo0Ddt"
          },
          "episode": null,
          "audiobook": null,
          "localTrack": null,
          "addedDate": "2024-04-14"
        },
        {
          "track": {
            "trackName": "Lyin King",
            "artistName": "Jhené Aiko",
            "albumName": "Souled Out",
            "trackUri": "spotify:track:16EX0HquvKdjPjP5zljPSG"
          },
          "episode": null,
          "audiobook": null,
          "localTrack": null,
          "addedDate": "2024-04-14"
        },
        {
          "track": {
            "trackName": "Remember",
            "artistName": "Jhené Aiko",
            "albumName": "Souled Out",
            "trackUri": "spotify:track:3vMVipXhMeZt3wWbSBD4th"
          },
          "episode": null,
          "audiobook": null,
          "localTrack": null,
          "addedDate": "2024-04-14"
        },
        {
          "track": {
            "trackName": "Blue Dream",
            "artistName": "Jhené Aiko",
            "albumName": "Souled Out",
            "trackUri": "spotify:track:4Y8MG7qcAMk7JB7Eebpcvu"
          },
          "episode": null,
          "audiobook": null,
          "localTrack": null,
          "addedDate": "2024-04-14"
        },
        {
          "track": {
            "trackName": "The Worst",
            "artistName": "Jhené Aiko",
            "albumName": "Sail Out",
            "trackUri": "spotify:track:2wBCrtJS3E3TimRZ5MElTI"
          },
          "episode": null,
          "audiobook": null,
          "localTrack": null,
          "addedDate": "2024-04-14"
        },
        {
          "track": {
            "trackName": "Stay Ready (What A Life)",
            "artistName": "Jhené Aiko",
            "albumName": "Sail Out",
            "trackUri": "spotify:track:5nkUIVKqOqdpB6ApKgEMkv"
          },
          "episode": null,
          "audiobook": null,
          "localTrack": null,
          "addedDate": "2024-04-14"
        },
        {
          "track": {
            "trackName": "Never Call Me (feat. YG) - Remix",
            "artistName": "Jhené Aiko",
            "albumName": "Never Call Me (feat. YG)",
            "trackUri": "spotify:track:2ZbvTTHaZIYu9XhnRO44mr"
          },
          "episode": null,
          "audiobook": null,
          "localTrack": null,
          "addedDate": "2024-04-14"
        },
        {
          "track": {
            "trackName": "Triggered (freestyle)",
            "artistName": "Jhené Aiko",
            "albumName": "Chilombo",
            "trackUri": "spotify:track:3zPgAKn5tbmCuCKrR3r7qE"
          },
          "episode": null,
          "audiobook": null,
          "localTrack": null,
          "addedDate": "2024-04-14"
        },
        {
          "track": {
            "trackName": "Sing To Me",
            "artistName": "Jhené Aiko",
            "albumName": "Trip",
            "trackUri": "spotify:track:6QbM2D1CI7cbt6c8G1d3EL"
          },
          "episode": null,
          "audiobook": null,
          "localTrack": null,
          "addedDate": "2024-04-14"
        },
        {
          "track": {
            "trackName": "None Of Your Concern (feat. Big Sean)",
            "artistName": "Jhené Aiko",
            "albumName": "Chilombo",
            "trackUri": "spotify:track:75MSZRbAbQuzfUV3Pefvut"
          },
          "episode": null,
          "audiobook": null,
          "localTrack": null,
          "addedDate": "2024-04-14"
        },
        {
          "track": {
            "trackName": "Frequency",
            "artistName": "Jhené Aiko",
            "albumName": "Trip",
            "trackUri": "spotify:track:5mymZaPY1A5x7or2TB7TJ3"
          },
          "episode": null,
          "audiobook": null,
          "localTrack": null,
          "addedDate": "2024-04-14"
        },
        {
          "track": {
            "trackName": "Butterflies",
            "artistName": "Queen Naija",
            "albumName": "Queen Naija",
            "trackUri": "spotify:track:4A58lXGBRCg2cumRXTRxHO"
          },
          "episode": null,
          "audiobook": null,
          "localTrack": null,
          "addedDate": "2024-04-14"
        },
        {
          "track": {
            "trackName": "Ascension",
            "artistName": "Jhené Aiko",
            "albumName": "Trip",
            "trackUri": "spotify:track:4PdxJc9J12zF8cFgdH5tik"
          },
          "episode": null,
          "audiobook": null,
          "localTrack": null,
          "addedDate": "2024-04-14"
        },
        {
          "track": {
            "trackName": "B.S. (feat. H.E.R.)",
            "artistName": "Jhené Aiko",
            "albumName": "Chilombo",
            "trackUri": "spotify:track:63wx9vdskaXbYxyDx4oJCZ"
          },
          "episode": null,
          "audiobook": null,
          "localTrack": null,
          "addedDate": "2024-04-14"
        },
        {
          "track": {
            "trackName": "Back to the Streets (feat. Jhené Aiko)",
            "artistName": "Saweetie",
            "albumName": "Back to the Streets (feat. Jhené Aiko)",
            "trackUri": "spotify:track:3MEruRteiUZXkStfTlZqRn"
          },
          "episode": null,
          "audiobook": null,
          "localTrack": null,
          "addedDate": "2024-04-14"
        },
        {
          "track": {
            "trackName": "Party For Me",
            "artistName": "Jhené Aiko",
            "albumName": "Chilombo",
            "trackUri": "spotify:track:48lNiJEM4eEhSIn4Vf80Xd"
          },
          "episode": null,
          "audiobook": null,
          "localTrack": null,
          "addedDate": "2024-04-14"
        },
        {
          "track": {
            "trackName": "Happiness Over Everything (H.O.E.) (feat. Future & Miguel)",
            "artistName": "Jhené Aiko",
            "albumName": "Chilombo",
            "trackUri": "spotify:track:2yUy5eFAFWAichjrySJWA2"
          },
          "episode": null,
          "audiobook": null,
          "localTrack": null,
          "addedDate": "2024-04-14"
        },
        {
          "track": {
            "trackName": "P*$$Y Fairy (OTW)",
            "artistName": "Jhené Aiko",
            "albumName": "Chilombo",
            "trackUri": "spotify:track:3Rs9jOQ2FlVgS6vYXPoAVm"
          },
          "episode": null,
          "audiobook": null,
          "localTrack": null,
          "addedDate": "2024-04-14"
        },
        {
          "track": {
            "trackName": "Tryna Smoke",
            "artistName": "Jhené Aiko",
            "albumName": "Chilombo",
            "trackUri": "spotify:track:4CqSF73VXQcpDTXsCy97CV"
          },
          "episode": null,
          "audiobook": null,
          "localTrack": null,
          "addedDate": "2024-04-14"
        },
        {
          "track": {
            "trackName": "10k Hours (feat. Nas)",
            "artistName": "Jhené Aiko",
            "albumName": "Chilombo",
            "trackUri": "spotify:track:71qTg1coMAqpmwIlVVayoV"
          },
          "episode": null,
          "audiobook": null,
          "localTrack": null,
          "addedDate": "2024-04-14"
        },
        {
          "track": {
            "trackName": "Speak",
            "artistName": "Jhené Aiko",
            "albumName": "Chilombo",
            "trackUri": "spotify:track:6ffCTLnwgOBNv09A9UCRl9"
          },
          "episode": null,
          "audiobook": null,
          "localTrack": null,
          "addedDate": "2024-04-14"
        },
        {
          "track": {
            "trackName": "Pray For You",
            "artistName": "Jhené Aiko",
            "albumName": "Chilombo",
            "trackUri": "spotify:track:3JHQY6VnwmUMuYb0XI2O7Y"
          },
          "episode": null,
          "audiobook": null,
          "localTrack": null,
          "addedDate": "2024-04-14"
        },
        {
          "track": {
            "trackName": "Lotus - intro",
            "artistName": "Jhené Aiko",
            "albumName": "Chilombo",
            "trackUri": "spotify:track:1aWBNkWrY3VA2eeV6ljGQf"
          },
          "episode": null,
          "audiobook": null,
          "localTrack": null,
          "addedDate": "2024-04-14"
        },
        {
          "track": {
            "trackName": "Lightning & Thunder (feat. John Legend)",
            "artistName": "Jhené Aiko",
            "albumName": "Chilombo",
            "trackUri": "spotify:track:68q4iNShG47zCF2LBlkybk"
          },
          "episode": null,
          "audiobook": null,
          "localTrack": null,
          "addedDate": "2024-04-14"
        },
        {
          "track": {
            "trackName": "Summer 2020 - interlude",
            "artistName": "Jhené Aiko",
            "albumName": "Chilombo",
            "trackUri": "spotify:track:61A3iFvqsEPmnwAtsbwRJL"
          },
          "episode": null,
          "audiobook": null,
          "localTrack": null,
          "addedDate": "2024-04-14"
        },
        {
          "track": {
            "trackName": "Mourning Doves",
            "artistName": "Jhené Aiko",
            "albumName": "Chilombo",
            "trackUri": "spotify:track:6nLWre5WAwwCP7HEuYCLQp"
          },
          "episode": null,
          "audiobook": null,
          "localTrack": null,
          "addedDate": "2024-04-14"
        },
        {
          "track": {
            "trackName": "Jukai",
            "artistName": "Jhené Aiko",
            "albumName": "Trip",
            "trackUri": "spotify:track:4dwNcnCoPnz1x83AWu1kAa"
          },
          "episode": null,
          "audiobook": null,
          "localTrack": null,
          "addedDate": "2024-04-14"
        },
        {
          "track": {
            "trackName": "You Are Here",
            "artistName": "Jhené Aiko",
            "albumName": "Trip",
            "trackUri": "spotify:track:7tX9wItFwaTPCuVBneLrHs"
          },
          "episode": null,
          "audiobook": null,
          "localTrack": null,
          "addedDate": "2024-04-14"
        },
        {
          "track": {
            "trackName": "Eternal Sunshine",
            "artistName": "Jhené Aiko",
            "albumName": "Souled Out",
            "trackUri": "spotify:track:3t844ssjXzE9M3SDtUxTI4"
          },
          "episode": null,
          "audiobook": null,
          "localTrack": null,
          "addedDate": "2024-04-14"
        },
        {
          "track": {
            "trackName": "When We Love",
            "artistName": "Jhené Aiko",
            "albumName": "Trip",
            "trackUri": "spotify:track:63LJjsJuqZgQyYibMXn9ku"
          },
          "episode": null,
          "audiobook": null,
          "localTrack": null,
          "addedDate": "2024-04-14"
        },
        {
          "track": {
            "trackName": "Mystic Journey - Freestyle",
            "artistName": "Jhené Aiko",
            "albumName": "Trip",
            "trackUri": "spotify:track:6NUW99yrBN833ABDjII55W"
          },
          "episode": null,
          "audiobook": null,
          "localTrack": null,
          "addedDate": "2024-04-14"
        },
        {
          "track": {
            "trackName": "Nobody",
            "artistName": "Jhené Aiko",
            "albumName": "Trip",
            "trackUri": "spotify:track:4t5oLATCoedh5N7gHOBtcz"
          },
          "episode": null,
          "audiobook": null,
          "localTrack": null,
          "addedDate": "2024-04-14"
        },
        {
          "track": {
            "trackName": "Brave",
            "artistName": "Jhené Aiko",
            "albumName": "Souled Out",
            "trackUri": "spotify:track:4uyoUJ2NFzag0bz36kfQ0E"
          },
          "episode": null,
          "audiobook": null,
          "localTrack": null,
          "addedDate": "2024-04-14"
        },
        {
          "track": {
            "trackName": "Trip",
            "artistName": "Jhené Aiko",
            "albumName": "Trip",
            "trackUri": "spotify:track:0ShtJHFyIDql6ZbbhJwf6Q"
          },
          "episode": null,
          "audiobook": null,
          "localTrack": null,
          "addedDate": "2024-04-14"
        },
        {
          "track": {
            "trackName": "Limbo Limbo Limbo",
            "artistName": "Jhené Aiko",
            "albumName": "Souled Out",
            "trackUri": "spotify:track:0SXcXVl6m3Bb8fccrzdRga"
          },
          "episode": null,
          "audiobook": null,
          "localTrack": null,
          "addedDate": "2024-04-14"
        },
        {
          "track": {
            "trackName": "Wading",
            "artistName": "Jhené Aiko",
            "albumName": "Souled Out",
            "trackUri": "spotify:track:67yy5WKIBbuDjPxP3Faewa"
          },
          "episode": null,
          "audiobook": null,
          "localTrack": null,
          "addedDate": "2024-04-14"
        },
        {
          "track": {
            "trackName": "Pretty Bird (Freestyle)",
            "artistName": "Jhené Aiko",
            "albumName": "Souled Out",
            "trackUri": "spotify:track:4uEacDqO0lzmDUFLgNOup1"
          },
          "episode": null,
          "audiobook": null,
          "localTrack": null,
          "addedDate": "2024-04-14"
        },
        {
          "track": {
            "trackName": "It's Cool",
            "artistName": "Jhené Aiko",
            "albumName": "Souled Out",
            "trackUri": "spotify:track:61TrqY3r2V7N7yJJkrf0b3"
          },
          "episode": null,
          "audiobook": null,
          "localTrack": null,
          "addedDate": "2024-04-14"
        },
        {
          "track": {
            "trackName": "Bad Trip - Interlude",
            "artistName": "Jhené Aiko",
            "albumName": "Trip",
            "trackUri": "spotify:track:2ojmwHSbnnAokGyYfisXDl"
          },
          "episode": null,
          "audiobook": null,
          "localTrack": null,
          "addedDate": "2024-04-14"
        },
        {
          "track": {
            "trackName": "Picture Perfect - Freestyle",
            "artistName": "Jhené Aiko",
            "albumName": "Trip",
            "trackUri": "spotify:track:01RDEYV52M6CFv9xqgl0D7"
          },
          "episode": null,
          "audiobook": null,
          "localTrack": null,
          "addedDate": "2024-04-14"
        },
        {
          "track": {
            "trackName": "The Vapors",
            "artistName": "Jhené Aiko",
            "albumName": "Sail Out",
            "trackUri": "spotify:track:7mnJgJhtuBEMRNoERn1OOa"
          },
          "episode": null,
          "audiobook": null,
          "localTrack": null,
          "addedDate": "2024-04-14"
        },
        {
          "track": {
            "trackName": "Spotless Mind",
            "artistName": "Jhené Aiko",
            "albumName": "Souled Out",
            "trackUri": "spotify:track:3F2Fp02Tqe5JNDjnLwQXt8"
          },
          "episode": null,
          "audiobook": null,
          "localTrack": null,
          "addedDate": "2024-04-14"
        },
        {
          "track": {
            "trackName": "W.A.Y.S.",
            "artistName": "Jhené Aiko",
            "albumName": "Souled Out",
            "trackUri": "spotify:track:7jjKsW39O1i8hKF31ShpV9"
          },
          "episode": null,
          "audiobook": null,
          "localTrack": null,
          "addedDate": "2024-04-14"
        },
        {
          "track": {
            "trackName": "Overstimulated",
            "artistName": "Jhené Aiko",
            "albumName": "Trip",
            "trackUri": "spotify:track:5myRfsc4luoaoV1r72m1LT"
          },
          "episode": null,
          "audiobook": null,
          "localTrack": null,
          "addedDate": "2024-04-14"
        },
        {
          "track": {
            "trackName": "LSD",
            "artistName": "Jhené Aiko",
            "albumName": "Trip",
            "trackUri": "spotify:track:76u71tQ2GALnwY0VJyOu83"
          },
          "episode": null,
          "audiobook": null,
          "localTrack": null,
          "addedDate": "2024-04-14"
        },
        {
          "track": {
            "trackName": "Oblivion (Creation)",
            "artistName": "Jhené Aiko",
            "albumName": "Trip",
            "trackUri": "spotify:track:6bPX2O1L9QAlvUaindaEFL"
          },
          "episode": null,
          "audiobook": null,
          "localTrack": null,
          "addedDate": "2024-04-14"
        },
        {
          "track": {
            "trackName": "Newer Balance - Freestyle",
            "artistName": "Jhené Aiko",
            "albumName": "Trip",
            "trackUri": "spotify:track:1LJdXxqYLqC1hP7dqawFBS"
          },
          "episode": null,
          "audiobook": null,
          "localTrack": null,
          "addedDate": "2024-04-14"
        },
        {
          "track": {
            "trackName": "Surrender (feat. Dr. Chill)",
            "artistName": "Jhené Aiko",
            "albumName": "Chilombo",
            "trackUri": "spotify:track:1vPw8XDPJLMmIaQGHYQ7Pp"
          },
          "episode": null,
          "audiobook": null,
          "localTrack": null,
          "addedDate": "2024-04-14"
        },
        {
          "track": {
            "trackName": "Define Me - interlude",
            "artistName": "Jhené Aiko",
            "albumName": "Chilombo",
            "trackUri": "spotify:track:1lXhfXGzzU2kFlGhaalfjF"
          },
          "episode": null,
          "audiobook": null,
          "localTrack": null,
          "addedDate": "2024-04-14"
        },
        {
          "track": {
            "trackName": "One Way St. (feat. Ab-Soul)",
            "artistName": "Jhené Aiko",
            "albumName": "Chilombo",
            "trackUri": "spotify:track:00FmWWD8FpB1Ph6nPPw1bC"
          },
          "episode": null,
          "audiobook": null,
          "localTrack": null,
          "addedDate": "2024-04-14"
        },
        {
          "track": {
            "trackName": "Psilocybin (Love In Full Effect)",
            "artistName": "Jhené Aiko",
            "albumName": "Trip",
            "trackUri": "spotify:track:63OzpVdDGsUJnNqN6q5O3z"
          },
          "episode": null,
          "audiobook": null,
          "localTrack": null,
          "addedDate": "2024-04-14"
        },
        {
          "track": {
            "trackName": "To Love & Die",
            "artistName": "Jhené Aiko",
            "albumName": "Souled Out",
            "trackUri": "spotify:track:0Y3WxAtzSta8OyujksZhPN"
          },
          "episode": null,
          "audiobook": null,
          "localTrack": null,
          "addedDate": "2024-04-14"
        },
        {
          "track": {
            "trackName": "The Pressure",
            "artistName": "Jhené Aiko",
            "albumName": "Souled Out",
            "trackUri": "spotify:track:3Px6rA0efiFjaIImH9pdaR"
          },
          "episode": null,
          "audiobook": null,
          "localTrack": null,
          "addedDate": "2024-04-14"
        },
        {
          "track": {
            "trackName": "WTH",
            "artistName": "Jhené Aiko",
            "albumName": "Sail Out",
            "trackUri": "spotify:track:1kuNRcIImZO3vGTBAwSN06"
          },
          "episode": null,
          "audiobook": null,
          "localTrack": null,
          "addedDate": "2024-04-14"
        },
        {
          "track": {
            "trackName": "Wasted Love Freestyle",
            "artistName": "Jhené Aiko",
            "albumName": "Wasted Love Freestyle",
            "trackUri": "spotify:track:1zsxlqBfktCpTXK9CjUpyW"
          },
          "episode": null,
          "audiobook": null,
          "localTrack": null,
          "addedDate": "2024-04-14"
        },
        {
          "track": {
            "trackName": "LOVE",
            "artistName": "Jhené Aiko",
            "albumName": "Chilombo",
            "trackUri": "spotify:track:6KtnTQVGjWlGDFAuThCTYk"
          },
          "episode": null,
          "audiobook": null,
          "localTrack": null,
          "addedDate": "2024-04-14"
        },
        {
          "track": {
            "trackName": "Born Tired",
            "artistName": "Jhené Aiko",
            "albumName": "Chilombo",
            "trackUri": "spotify:track:1IccfvDqh1CGWNdMThjycb"
          },
          "episode": null,
          "audiobook": null,
          "localTrack": null,
          "addedDate": "2024-04-14"
        },
        {
          "track": {
            "trackName": "2 seconds - Bonus",
            "artistName": "Jhené Aiko",
            "albumName": "Sailing Soul(s)",
            "trackUri": "spotify:track:1dnECPoSYg3ni8dr8HhulX"
          },
          "episode": null,
          "audiobook": null,
          "localTrack": null,
          "addedDate": "2024-04-14"
        },
        {
          "track": {
            "trackName": "P*$$Y Fairy (OTW)",
            "artistName": "Jhené Aiko",
            "albumName": "P*$$Y Fairy (OTW)",
            "trackUri": "spotify:track:48KXAIruJ07kJVCWOGohMV"
          },
          "episode": null,
          "audiobook": null,
          "localTrack": null,
          "addedDate": "2024-06-01"
        }
      ],
      "description": null,
      "numberOfFollowers": 0
    },
    {
      "name": "Dancehall💋",
      "lastModifiedDate": "2024-06-01",
      "items": [
        {
          "track": {
            "trackName": "Shen Yeng Anthem",
            "artistName": "Shenseea",
            "albumName": "Shen Yeng Anthem",
            "trackUri": "spotify:track:4lqqbSHGGR5BRtnmnky00G"
          },
          "episode": null,
          "audiobook": null,
          "localTrack": null,
          "addedDate": "2023-12-29"
        },
        {
          "track": {
            "trackName": "Hold You - Hold Yuh",
            "artistName": "Gyptian",
            "albumName": "Hold You",
            "trackUri": "spotify:track:0j55p8YRAPG8yajtNyjt6A"
          },
          "episode": null,
          "audiobook": null,
          "localTrack": null,
          "addedDate": "2023-12-29"
        },
        {
          "track": {
            "trackName": "Foreplay",
            "artistName": "Shenseea",
            "albumName": "Foreplay",
            "trackUri": "spotify:track:3QFOdlIjY2EyjLij20OjdB"
          },
          "episode": null,
          "audiobook": null,
          "localTrack": null,
          "addedDate": "2023-12-29"
        },
        {
          "track": {
            "trackName": "No Limit",
            "artistName": "Moyann",
            "albumName": "No Limit",
            "trackUri": "spotify:track:5D8ChOpWBYGR5R1NFDhL1z"
          },
          "episode": null,
          "audiobook": null,
          "localTrack": null,
          "addedDate": "2024-06-01"
        },
        {
          "track": {
            "trackName": "Rebel",
            "artistName": "Zum",
            "albumName": "Liquid Sunshine Riddim",
            "trackUri": "spotify:track:36t9rgshEge4LCzhHKioFQ"
          },
          "episode": null,
          "audiobook": null,
          "localTrack": null,
          "addedDate": "2024-06-01"
        },
        {
          "track": {
            "trackName": "Pull Up",
            "artistName": "Original Koffee",
            "albumName": "Gifted",
            "trackUri": "spotify:track:6eydzKn9vLC57U9iToAwJD"
          },
          "episode": null,
          "audiobook": null,
          "localTrack": null,
          "addedDate": "2024-06-01"
        },
        {
          "track": {
            "trackName": "Prayer",
            "artistName": "Christopher Martin",
            "albumName": "Prayer",
            "trackUri": "spotify:track:4YPrQupgcVEnw5vxRJqMS4"
          },
          "episode": null,
          "audiobook": null,
          "localTrack": null,
          "addedDate": "2024-06-01"
        },
        {
          "track": {
            "trackName": "You Hold Me",
            "artistName": "Chris Martin",
            "albumName": "Love Salute Riddim",
            "trackUri": "spotify:track:6lg6bYokyjeenPaSu7zNLb"
          },
          "episode": null,
          "audiobook": null,
          "localTrack": null,
          "addedDate": "2024-06-01"
        },
        {
          "track": {
            "trackName": "Weekend Love",
            "artistName": "Chris Martin",
            "albumName": "One Hold Riddim",
            "trackUri": "spotify:track:72Ge2pYeaX3zZjtUjUUNTI"
          },
          "episode": null,
          "audiobook": null,
          "localTrack": null,
          "addedDate": "2024-06-01"
        },
        {
          "track": {
            "trackName": "Nah Let Go",
            "artistName": "Gyptian",
            "albumName": "Hold You",
            "trackUri": "spotify:track:0cJiOFuB3zftGKDRE0UhYf"
          },
          "episode": null,
          "audiobook": null,
          "localTrack": null,
          "addedDate": "2024-06-01"
        },
        {
          "track": {
            "trackName": "Turn Me On",
            "artistName": "Gyptian",
            "albumName": "Sex, Love & Reggae",
            "trackUri": "spotify:track:2WFnnO93X0VJglaXDudrbn"
          },
          "episode": null,
          "audiobook": null,
          "localTrack": null,
          "addedDate": "2024-06-01"
        },
        {
          "track": {
            "trackName": "Jiggle Jiggle",
            "artistName": "Gyptian",
            "albumName": "Reggae Gold 2016",
            "trackUri": "spotify:track:0o0kyaU4bffEOCW0Y0r0W5"
          },
          "episode": null,
          "audiobook": null,
          "localTrack": null,
          "addedDate": "2024-06-01"
        },
        {
          "track": {
            "trackName": "Come Over",
            "artistName": "Gyptian",
            "albumName": "Come Over",
            "trackUri": "spotify:track:1th78vCc4mTzJJV98HZVTV"
          },
          "episode": null,
          "audiobook": null,
          "localTrack": null,
          "addedDate": "2024-06-01"
        },
        {
          "track": {
            "trackName": "Summer Tiime",
            "artistName": "Vybz Kartel",
            "albumName": "The Gaza Don",
            "trackUri": "spotify:track:4jGE3Ct8rgMZQgJshj5Bdp"
          },
          "episode": null,
          "audiobook": null,
          "localTrack": null,
          "addedDate": "2024-06-01"
        },
        {
          "track": {
            "trackName": "Best Gyal",
            "artistName": "Blaiz Fayah",
            "albumName": "Level Up",
            "trackUri": "spotify:track:6LX3k2Su3r5KIEHZbvhxoG"
          },
          "episode": null,
          "audiobook": null,
          "localTrack": null,
          "addedDate": "2024-06-01"
        },
        {
          "track": {
            "trackName": "Bad",
            "artistName": "Blaiz Fayah",
            "albumName": "Bad",
            "trackUri": "spotify:track:4p1yzpajuKXwZKBQ7PyH9x"
          },
          "episode": null,
          "audiobook": null,
          "localTrack": null,
          "addedDate": "2024-06-01"
        },
        {
          "track": {
            "trackName": "She Knows",
            "artistName": "Blaiz Fayah",
            "albumName": "She Knows",
            "trackUri": "spotify:track:4dst3v9IrkOe59bywDmyNL"
          },
          "episode": null,
          "audiobook": null,
          "localTrack": null,
          "addedDate": "2024-06-01"
        },
        {
          "track": {
            "trackName": "Curious",
            "artistName": "Shenseea",
            "albumName": "Curious",
            "trackUri": "spotify:track:3kH4ElFSbaNiNejXE71dga"
          },
          "episode": null,
          "audiobook": null,
          "localTrack": null,
          "addedDate": "2024-06-01"
        }
      ],
      "description": null,
      "numberOfFollowers": 0
    },
    {
      "name": "RNB💋",
      "lastModifiedDate": "2024-06-01",
      "items": [
        {
          "track": {
            "trackName": "Girls Need Love",
            "artistName": "Summer Walker",
            "albumName": "Last Day Of Summer",
            "trackUri": "spotify:track:644rGY6maSElnKVsAg1gJj"
          },
          "episode": null,
          "audiobook": null,
          "localTrack": null,
          "addedDate": "2023-12-29"
        },
        {
          "track": {
            "trackName": "Snooze",
            "artistName": "SZA",
            "albumName": "SOS",
            "trackUri": "spotify:track:4iZ4pt7kvcaH6Yo8UoZ4s2"
          },
          "episode": null,
          "audiobook": null,
          "localTrack": null,
          "addedDate": "2023-12-29"
        },
        {
          "track": {
            "trackName": "Kill Bill",
            "artistName": "SZA",
            "albumName": "SOS",
            "trackUri": "spotify:track:3OHfY25tqY28d16oZczHc8"
          },
          "episode": null,
          "audiobook": null,
          "localTrack": null,
          "addedDate": "2023-12-29"
        },
        {
          "track": {
            "trackName": "Slime You Out (feat. SZA)",
            "artistName": "Drake",
            "albumName": "Slime You Out",
            "trackUri": "spotify:track:3RaCGXCiiMufRPoexXxGkV"
          },
          "episode": null,
          "audiobook": null,
          "localTrack": null,
          "addedDate": "2023-12-29"
        },
        {
          "track": {
            "trackName": "Angel Numbers / Ten Toes",
            "artistName": "Chris Brown",
            "albumName": "11:11",
            "trackUri": "spotify:track:3XqM8hLCEYlbnFjoWwqtFv"
          },
          "episode": null,
          "audiobook": null,
          "localTrack": null,
          "addedDate": "2023-12-29"
        },
        {
          "track": {
            "trackName": "I Hate U",
            "artistName": "SZA",
            "albumName": "SOS",
            "trackUri": "spotify:track:2aJnyNu4PQxQ2lyj5boiMG"
          },
          "episode": null,
          "audiobook": null,
          "localTrack": null,
          "addedDate": "2023-12-29"
        },
        {
          "track": {
            "trackName": "Lifestyle",
            "artistName": "Rich Gang",
            "albumName": "Lifestyle",
            "trackUri": "spotify:track:7DTlsMOQjGysXHpwwpHuPl"
          },
          "episode": null,
          "audiobook": null,
          "localTrack": null,
          "addedDate": "2023-12-29"
        },
        {
          "track": {
            "trackName": "Crazy in a Coupe - R&B Mix",
            "artistName": "Chop Daily",
            "albumName": "Crazy in a Coupe",
            "trackUri": "spotify:track:5Neg88aPrNzIDzVWgjs7vP"
          },
          "episode": null,
          "audiobook": null,
          "localTrack": null,
          "addedDate": "2024-01-10"
        },
        {
          "track": {
            "trackName": "Never Be Like You",
            "artistName": "Flume",
            "albumName": "Skin",
            "trackUri": "spotify:track:7hZhKh0NmmlUfoQkUkCflm"
          },
          "episode": null,
          "audiobook": null,
          "localTrack": null,
          "addedDate": "2024-01-21"
        },
        {
          "track": {
            "trackName": "Needed Me",
            "artistName": "Rihanna",
            "albumName": "ANTI",
            "trackUri": "spotify:track:4pAl7FkDMNBsjykPXo91B3"
          },
          "episode": null,
          "audiobook": null,
          "localTrack": null,
          "addedDate": "2024-01-21"
        },
        {
          "track": {
            "trackName": "Kiss It Better",
            "artistName": "Rihanna",
            "albumName": "ANTI",
            "trackUri": "spotify:track:0UHB9METy4VCXNgkcGqHqS"
          },
          "episode": null,
          "audiobook": null,
          "localTrack": null,
          "addedDate": "2024-01-21"
        },
        {
          "track": {
            "trackName": "Don't Judge Me",
            "artistName": "Chris Brown",
            "albumName": "Fortune (Expanded Edition)",
            "trackUri": "spotify:track:0NG5gJzPHjYeQmqcmqfopN"
          },
          "episode": null,
          "audiobook": null,
          "localTrack": null,
          "addedDate": "2024-01-26"
        },
        {
          "track": {
            "trackName": "PILLOWTALK",
            "artistName": "ZAYN",
            "albumName": "Mind Of Mine (Deluxe Edition)",
            "trackUri": "spotify:track:0PDUDa38GO8lMxLCRc4lL1"
          },
          "episode": null,
          "audiobook": null,
          "localTrack": null,
          "addedDate": "2024-01-26"
        },
        {
          "track": {
            "trackName": "Bed (feat. Ariana Grande)",
            "artistName": "Nicki Minaj",
            "albumName": "Queen",
            "trackUri": "spotify:track:3L4GsGLgxpHieVQH86H8bv"
          },
          "episode": null,
          "audiobook": null,
          "localTrack": null,
          "addedDate": "2024-02-01"
        },
        {
          "track": {
            "trackName": "Best Gyal",
            "artistName": "Blaiz Fayah",
            "albumName": "Level Up",
            "trackUri": "spotify:track:6LX3k2Su3r5KIEHZbvhxoG"
          },
          "episode": null,
          "audiobook": null,
          "localTrack": null,
          "addedDate": "2024-06-01"
        }
      ],
      "description": null,
      "numberOfFollowers": 0
    },
    {
      "name": "Worship 🤎",
      "lastModifiedDate": "2023-12-24",
      "items": [
        {
          "track": {
            "trackName": "Goodness of God - Radio Version",
            "artistName": "Jenn Johnson",
            "albumName": "Goodness of God",
            "trackUri": "spotify:track:665Ki3oftw2evstCgtmiSw"
          },
          "episode": null,
          "audiobook": null,
          "localTrack": null,
          "addedDate": "2023-12-24"
        },
        {
          "track": {
            "trackName": "Waymaker - Radio Version",
            "artistName": "Michael W. Smith",
            "albumName": "Waymaker",
            "trackUri": "spotify:track:4tkmm0pdXEZvHscuHWnkqy"
          },
          "episode": null,
          "audiobook": null,
          "localTrack": null,
          "addedDate": "2023-12-24"
        },
        {
          "track": {
            "trackName": "I Speak Jesus",
            "artistName": "Here Be Lions",
            "albumName": "I Speak Jesus",
            "trackUri": "spotify:track:4CR34P33feukzoErl3KXCK"
          },
          "episode": null,
          "audiobook": null,
          "localTrack": null,
          "addedDate": "2023-12-24"
        },
        {
          "track": {
            "trackName": "Graves Into Gardens (Studio)",
            "artistName": "Elevation Worship",
            "albumName": "Graves Into Gardens - EP",
            "trackUri": "spotify:track:40TejHtJdQkd1nIxKf43CL"
          },
          "episode": null,
          "audiobook": null,
          "localTrack": null,
          "addedDate": "2023-12-24"
        },
        {
          "track": {
            "trackName": "Waymaker",
            "artistName": "Michael W. Smith",
            "albumName": "Awaken: The Surrounded Experience",
            "trackUri": "spotify:track:0hLsDRLsfvwExXMBeDS53k"
          },
          "episode": null,
          "audiobook": null,
          "localTrack": null,
          "addedDate": "2023-12-24"
        },
        {
          "track": {
            "trackName": "Raise a Hallelujah",
            "artistName": "Bethel Music",
            "albumName": "Peace",
            "trackUri": "spotify:track:6CdzB6ZB5Af8wfAfAAQwaq"
          },
          "episode": null,
          "audiobook": null,
          "localTrack": null,
          "addedDate": "2023-12-24"
        },
        {
          "track": {
            "trackName": "Love Moved First",
            "artistName": "Casting Crowns",
            "albumName": "Only Jesus",
            "trackUri": "spotify:track:4vkeAHQBXmUTgMOfaT94CR"
          },
          "episode": null,
          "audiobook": null,
          "localTrack": null,
          "addedDate": "2023-12-24"
        },
        {
          "track": {
            "trackName": "Surrounded (Fight My Battles)",
            "artistName": "Bethel Music",
            "albumName": "Peace",
            "trackUri": "spotify:track:0HtWxjydJ3pEwT5nHJxxZ1"
          },
          "episode": null,
          "audiobook": null,
          "localTrack": null,
          "addedDate": "2023-12-24"
        },
        {
          "track": {
            "trackName": "Promises - Radio Version",
            "artistName": "Maverick City Music",
            "albumName": "Promises",
            "trackUri": "spotify:track:4uEgHHcmkiHaEq4oXm1r8g"
          },
          "episode": null,
          "audiobook": null,
          "localTrack": null,
          "addedDate": "2023-12-24"
        },
        {
          "track": {
            "trackName": "Yeshua - Live",
            "artistName": "Jesus Image",
            "albumName": "JESUS",
            "trackUri": "spotify:track:4lu2i1XcWo1zze2vealWlB"
          },
          "episode": null,
          "audiobook": null,
          "localTrack": null,
          "addedDate": "2023-12-24"
        },
        {
          "track": {
            "trackName": "Adonai",
            "artistName": "Nathaniel Bassey",
            "albumName": "Names of God",
            "trackUri": "spotify:track:7axctArGc7dtaEJSl3IZge"
          },
          "episode": null,
          "audiobook": null,
          "localTrack": null,
          "addedDate": "2023-12-24"
        },
        {
          "track": {
            "trackName": "You Are Here",
            "artistName": "Nathaniel Bassey",
            "albumName": "Names of God",
            "trackUri": "spotify:track:2beGK5IyCejCk4JKghOBE7"
          },
          "episode": null,
          "audiobook": null,
          "localTrack": null,
          "addedDate": "2023-12-24"
        },
        {
          "track": {
            "trackName": "Break Every Chain - Live",
            "artistName": "Jesus Culture",
            "albumName": "Awakening - Live From Chicago",
            "trackUri": "spotify:track:3vk0GnIa9jp1B00felbJQE"
          },
          "episode": null,
          "audiobook": null,
          "localTrack": null,
          "addedDate": "2023-12-24"
        },
        {
          "track": {
            "trackName": "You are Yahweh",
            "artistName": "Steve Crown",
            "albumName": "Faith is Rising",
            "trackUri": "spotify:track:1FubXlwFRsFyyeqH5KodDG"
          },
          "episode": null,
          "audiobook": null,
          "localTrack": null,
          "addedDate": "2023-12-24"
        },
        {
          "track": {
            "trackName": "Lord, I Need You - Live",
            "artistName": "Passion",
            "albumName": "Passion: Here For You",
            "trackUri": "spotify:track:0xGXCPSjxkHxElgi7kC5SZ"
          },
          "episode": null,
          "audiobook": null,
          "localTrack": null,
          "addedDate": "2023-12-24"
        },
        {
          "track": {
            "trackName": "No Longer Slaves",
            "artistName": "Bethel Music",
            "albumName": "Peace",
            "trackUri": "spotify:track:63Ewmqu1gZ7ZaQ5Q4mnuXz"
          },
          "episode": null,
          "audiobook": null,
          "localTrack": null,
          "addedDate": "2023-12-24"
        }
      ],
      "description": null,
      "numberOfFollowers": 0
    },
    {
      "name": "Lanoi😋",
      "lastModifiedDate": "2023-09-16",
      "items": [
        {
          "track": {
            "trackName": "Fake Love",
            "artistName": "Tink",
            "albumName": "Fake Love",
            "trackUri": "spotify:track:1GxvY18Fk9Z3UmpeqteE0g"
          },
          "episode": null,
          "audiobook": null,
          "localTrack": null,
          "addedDate": "2023-05-22"
        },
        {
          "track": {
            "trackName": "Stingy",
            "artistName": "Tink",
            "albumName": "Thanks 4 Nothing",
            "trackUri": "spotify:track:2sMEuOP85yZM0qd6W4vxo0"
          },
          "episode": null,
          "audiobook": null,
          "localTrack": null,
          "addedDate": "2023-05-22"
        },
        {
          "track": {
            "trackName": "Rider",
            "artistName": "KB Mike",
            "albumName": "Rider",
            "trackUri": "spotify:track:28b9mmmbUxfBpLGeOv1xzx"
          },
          "episode": null,
          "audiobook": null,
          "localTrack": null,
          "addedDate": "2023-06-15"
        },
        {
          "track": {
            "trackName": "Back From The Dead",
            "artistName": "Toosii",
            "albumName": "Platinum Heart",
            "trackUri": "spotify:track:1Exon7Dr5v2PaizdrOCB89"
          },
          "episode": null,
          "audiobook": null,
          "localTrack": null,
          "addedDate": "2023-06-15"
        },
        {
          "track": {
            "trackName": "Blinded By Love",
            "artistName": "KB Mike",
            "albumName": "Blinded By Love",
            "trackUri": "spotify:track:1C4CluVGw7XiyOckEaXftT"
          },
          "episode": null,
          "audiobook": null,
          "localTrack": null,
          "addedDate": "2023-08-31"
        },
        {
          "track": {
            "trackName": "Bottom Bitch",
            "artistName": "Tink",
            "albumName": "A Gift and A Curse",
            "trackUri": "spotify:track:5zAuk07JCI2ZxZch24ZCrS"
          },
          "episode": null,
          "audiobook": null,
          "localTrack": null,
          "addedDate": "2023-08-31"
        },
        {
          "track": {
            "trackName": "Balance",
            "artistName": "Tink",
            "albumName": "Pillow Talk",
            "trackUri": "spotify:track:0Eb4hSFwdsxhXTQQyEvzj1"
          },
          "episode": null,
          "audiobook": null,
          "localTrack": null,
          "addedDate": "2023-08-31"
        },
        {
          "track": {
            "trackName": "Spin Again",
            "artistName": "Layton Greene",
            "albumName": "Spin Again",
            "trackUri": "spotify:track:6HiEe3hSKazKZOscOZjcyN"
          },
          "episode": null,
          "audiobook": null,
          "localTrack": null,
          "addedDate": "2023-09-09"
        },
        {
          "track": {
            "trackName": "Hello",
            "artistName": "Aqyila",
            "albumName": "Hello",
            "trackUri": "spotify:track:1Sr7G1nLlnAFZ8AKT7PuGo"
          },
          "episode": null,
          "audiobook": null,
          "localTrack": null,
          "addedDate": "2023-09-09"
        },
        {
          "track": {
            "trackName": "Spin Again",
            "artistName": "Layton Greene",
            "albumName": "Spin Again",
            "trackUri": "spotify:track:6HiEe3hSKazKZOscOZjcyN"
          },
          "episode": null,
          "audiobook": null,
          "localTrack": null,
          "addedDate": "2023-09-13"
        },
        {
          "track": {
            "trackName": "Count on You",
            "artistName": "Tink",
            "albumName": "Winter's Diary 2",
            "trackUri": "spotify:track:4Mll7ClrV3cymC3RZiPPWV"
          },
          "episode": null,
          "audiobook": null,
          "localTrack": null,
          "addedDate": "2023-09-16"
        }
      ],
      "description": null,
      "numberOfFollowers": 0
    }
  ]
}