[
  {
    "platform" : "",
    "searchTime" : "2024-10-27T10:29:47.426Z[UTC]",
    "searchQuery" : "put my name on",
    "searchInteractionURIs" : [
    ]
  },
  {
    "platform" : "",
    "searchTime" : "2024-10-27T10:29:47.431Z[UTC]",
    "searchQuery" : "put my name on",
    "searchInteractionURIs" : [
    ]
  },
  {
    "platform" : "IPHONE",
    "searchTime" : "2024-10-27T10:29:48.609Z[UTC]",
    "searchQuery" : "put my name onnit ",
    "searchInteractionURIs" : [
      "spotify:track:74T9gtEVEZ0Wa7ziPQeDgW"
    ]
  },
  {
    "platform" : "IPHONE",
    "searchTime" : "2024-11-06T14:01:48.192Z[UTC]",
    "searchQuery" : "mins ",
    "searchInteractionURIs" : [
      "spotify:track:1y5eHXBYiLgNv00KoHXm4o"
    ]
  },
  {
    "platform" : "IPHONE",
    "searchTime" : "2024-11-12T11:26:46.181Z[UTC]",
    "searchQuery" : "dj james ",
    "searchInteractionURIs" : [
      "spotify:playlist:4YjapglwDNO5li56r57Ppk"
    ]
  },
  {
    "platform" : "IPHONE",
    "searchTime" : "2024-11-16T09:32:56.646Z[UTC]",
    "searchQuery" : "uncle ",
    "searchInteractionURIs" : [
      "spotify:search:uncle+waffles+mix"
    ]
  },
  {
    "platform" : "IPHONE",
    "searchTime" : "2024-11-16T09:33:01.391Z[UTC]",
    "searchQuery" : "uncle waffles mix",
    "searchInteractionURIs" : [
      "spotify:track:6OGNF7mro80pMi5q1HhylS",
      "spotify:playlist:6NbXArl0uiraMGzjbS5qul",
      "spotify:track:1LbprCv9YSNX7z2R4v6FqE"
    ]
  },
  {
    "platform" : "IPHONE",
    "searchTime" : "2024-11-16T09:46:45.218Z[UTC]",
    "searchQuery" : "uncle waffles mix",
    "searchInteractionURIs" : [
      "spotify:playlist:503i6z1Vm4mzH0uRb3dA1B"
    ]
  },
  {
    "platform" : "IPHONE",
    "searchTime" : "2024-11-20T08:05:40.297Z[UTC]",
    "searchQuery" : "pnd",
    "searchInteractionURIs" : [
      "spotify:search:pnd+playlist"
    ]
  },
  {
    "platform" : "IPHONE",
    "searchTime" : "2024-11-20T09:03:00.963Z[UTC]",
    "searchQuery" : "swim",
    "searchInteractionURIs" : [
      "spotify:track:3M0lSi5WW79CXQamgSBIjx"
    ]
  },
  {
    "platform" : "",
    "searchTime" : "2024-11-20T14:52:50.794Z[UTC]",
    "searchQuery" : "hig",
    "searchInteractionURIs" : [
    ]
  },
  {
    "platform" : "",
    "searchTime" : "2024-11-20T14:52:50.895Z[UTC]",
    "searchQuery" : "hig",
    "searchInteractionURIs" : [
    ]
  },
  {
    "platform" : "IPHONE",
    "searchTime" : "2024-11-20T14:52:53.455Z[UTC]",
    "searchQuery" : "high n",
    "searchInteractionURIs" : [
      "spotify:track:3kE4fblmjEwZgbJJubprzL"
    ]
  },
  {
    "platform" : "IPHONE",
    "searchTime" : "2024-11-21T09:55:00.662Z[UTC]",
    "searchQuery" : "sw",
    "searchInteractionURIs" : [
      "spotify:track:3M0lSi5WW79CXQamgSBIjx",
      "spotify:track:6REbwUNlppTfcnV4d4ZoZi"
    ]
  },
  {
    "platform" : "ANDROID",
    "searchTime" : "2024-11-28T11:15:10.137Z[UTC]",
    "searchQuery" : "set",
    "searchInteractionURIs" : [
      "spotify:track:6FMhJb6kv0IivuDSEkupp7",
      "spotify:track:6FMhJb6kv0IivuDSEkupp7",
      "spotify:playlist:37i9dQZF1DWWWXigQZAD8B"
    ]
  },
  {
    "platform" : "",
    "searchTime" : "2024-11-28T11:15:11.316Z[UTC]",
    "searchQuery" : "s",
    "searchInteractionURIs" : [
    ]
  },
  {
    "platform" : "",
    "searchTime" : "2024-11-28T11:15:11.415Z[UTC]",
    "searchQuery" : "s",
    "searchInteractionURIs" : [
    ]
  },
  {
    "platform" : "ANDROID",
    "searchTime" : "2024-12-06T13:55:12.955Z[UTC]",
    "searchQuery" : "tem",
    "searchInteractionURIs" : [
      "spotify:track:2mzM4Y0Rnx2BDZqRnhQ5Q6"
    ]
  },
  {
    "platform" : "ANDROID",
    "searchTime" : "2024-12-06T14:00:24.537Z[UTC]",
    "searchQuery" : "tems",
    "searchInteractionURIs" : [
      "spotify:track:4nFrcGM7MY1mpoQCC7Kefj",
      "spotify:artist:687cZJR45JO7jhk1LHIbgq"
    ]
  },
  {
    "platform" : "",
    "searchTime" : "2024-12-12T16:15:49.343Z[UTC]",
    "searchQuery" : "Chikwer",
    "searchInteractionURIs" : [
    ]
  },
  {
    "platform" : "",
    "searchTime" : "2024-12-12T16:15:49.656Z[UTC]",
    "searchQuery" : "Chikwer",
    "searchInteractionURIs" : [
    ]
  },
  {
    "platform" : "",
    "searchTime" : "2024-12-16T02:52:02.478Z[UTC]",
    "searchQuery" : "rea",
    "searchInteractionURIs" : [
    ]
  },
  {
    "platform" : "",
    "searchTime" : "2024-12-16T02:52:02.536Z[UTC]",
    "searchQuery" : "rea",
    "searchInteractionURIs" : [
    ]
  },
  {
    "platform" : "IPHONE",
    "searchTime" : "2024-12-16T02:52:06.332Z[UTC]",
    "searchQuery" : "reason ",
    "searchInteractionURIs" : [
      "spotify:track:43OioCdtXLa0YuS8tgBGAY"
    ]
  },
  {
    "platform" : "IPHONE",
    "searchTime" : "2024-12-16T03:02:51.563Z[UTC]",
    "searchQuery" : "instr",
    "searchInteractionURIs" : [
      "spotify:playlist:37i9dQZF1EIcoPuAATP6wh"
    ]
  },
  {
    "platform" : "IPHONE",
    "searchTime" : "2024-12-16T03:03:16.216Z[UTC]",
    "searchQuery" : "instrumental st",
    "searchInteractionURIs" : [
      "spotify:search:instrumental+study+music"
    ]
  },
  {
    "platform" : "IPHONE",
    "searchTime" : "2024-12-16T03:03:20.181Z[UTC]",
    "searchQuery" : "instrumental study music",
    "searchInteractionURIs" : [
      "spotify:playlist:3MelsVnZV5g03wyiJsybHk"
    ]
  },
  {
    "platform" : "IPHONE",
    "searchTime" : "2024-12-17T08:19:25.509Z[UTC]",
    "searchQuery" : "bed",
    "searchInteractionURIs" : [
      "spotify:playlist:7GDTSuqNzovFTigQtVBuKf"
    ]
  },
  {
    "platform" : "IPHONE",
    "searchTime" : "2024-12-17T12:42:21.053Z[UTC]",
    "searchQuery" : "saut",
    "searchInteractionURIs" : [
      "spotify:playlist:3nygfmXU25kftHY0cfmiiW"
    ]
  },
  {
    "platform" : "ANDROID_ARM",
    "searchTime" : "2024-12-25T07:15:18.118Z[UTC]",
    "searchQuery" : "fe",
    "searchInteractionURIs" : [
    ]
  },
  {
    "platform" : "",
    "searchTime" : "2024-12-25T07:15:19.380Z[UTC]",
    "searchQuery" : "feli",
    "searchInteractionURIs" : [
    ]
  },
  {
    "platform" : "",
    "searchTime" : "2024-12-25T07:15:19.425Z[UTC]",
    "searchQuery" : "feli",
    "searchInteractionURIs" : [
    ]
  },
  {
    "platform" : "ANDROID",
    "searchTime" : "2024-12-25T07:15:19.756Z[UTC]",
    "searchQuery" : "feliz",
    "searchInteractionURIs" : [
      "spotify:track:5QP2vqXxsoKBuoUJM4Qkio"
    ]
  }
]