[
  {
    "endTime" : "2024-06-01 18:15",
    "podcastName" : "The Messy Inbetween ",
    "episodeName" : "Everything you need to know about STD’s & STI’s Ft Mr Chris Obwaka | Episode 142",
    "msPlayed" : 5025
  },
  {
    "endTime" : "2024-09-15 10:28",
    "podcastName" : "Busy, Yet Pretty",
    "episodeName" : "The Cost Of Procrastination Is The Life You Could've Lived",
    "msPlayed" : 64570
  },
  {
    "endTime" : "2024-09-15 10:38",
    "podcastName" : "Study Motivation by Motivation2Study",
    "episodeName" : "GO ALL IN - Powerful Motivational Speeches 2024",
    "msPlayed" : 582948
  },
  {
    "endTime" : "2024-09-15 10:46",
    "podcastName" : "Study Motivation by Motivation2Study",
    "episodeName" : "THE SUCCESS MENTALITY - Best Motivational Speeches",
    "msPlayed" : 510589
  },
  {
    "endTime" : "2024-09-15 10:51",
    "podcastName" : "Study Motivation by Motivation2Study",
    "episodeName" : "THINGS TO DO INSTEAD OF SCROLLING |  Ideas For A Fun, Productive Summer",
    "msPlayed" : 274467
  },
  {
    "endTime" : "2024-09-15 14:01",
    "podcastName" : "Study Motivation by Motivation2Study",
    "episodeName" : "DO NOT WASTE TIME | Powerful Advice to Stop Wasting Time 2024",
    "msPlayed" : 4856581
  },
  {
    "endTime" : "2024-09-15 14:31",
    "podcastName" : "Study Motivation by Motivation2Study",
    "episodeName" : "Seven Reasons Why Reading a Book a Week Can Change Your Life",
    "msPlayed" : 168838
  },
  {
    "endTime" : "2024-09-15 14:32",
    "podcastName" : "Study Motivation by Motivation2Study",
    "episodeName" : "30 Minutes For The Best 30 Years of Your Life | Best Motivational Speech Compilation EVER",
    "msPlayed" : 0
  },
  {
    "endTime" : "2024-09-15 14:41",
    "podcastName" : "Study Motivation by Motivation2Study",
    "episodeName" : "THE SUCCESS MENTALITY - Best Motivational Speeches",
    "msPlayed" : 510589
  },
  {
    "endTime" : "2024-09-15 14:42",
    "podcastName" : "Study Motivation by Motivation2Study",
    "episodeName" : "THINGS TO DO INSTEAD OF SCROLLING |  Ideas For A Fun, Productive Summer",
    "msPlayed" : 49932
  },
  {
    "endTime" : "2024-09-17 07:19",
    "podcastName" : "Study Motivation by Motivation2Study",
    "episodeName" : "DO NOT WASTE TIME | Powerful Advice to Stop Wasting Time 2024",
    "msPlayed" : 575716
  },
  {
    "endTime" : "2024-09-30 01:06",
    "podcastName" : "Study Motivation by Motivation2Study",
    "episodeName" : "BELIEVE IN YOURSELF - Powerful Motivational Speech for Students",
    "msPlayed" : 664163
  },
  {
    "endTime" : "2024-09-30 01:08",
    "podcastName" : "Busy, Yet Pretty",
    "episodeName" : "The Perfect Fall Morning & Night Routine To Embrace The Season",
    "msPlayed" : 103186
  },
  {
    "endTime" : "2024-09-30 01:18",
    "podcastName" : "Study Motivation by Motivation2Study",
    "episodeName" : "The Mindset That Will Change Your Life IMMEDIATELY - Student Motivation",
    "msPlayed" : 600267
  },
  {
    "endTime" : "2024-09-30 02:15",
    "podcastName" : "Study Motivation by Motivation2Study",
    "episodeName" : "MORNING MOTIVATION - Wake Up Early and Listen Every Day! - 1-Hour Motivation",
    "msPlayed" : 3395979
  },
  {
    "endTime" : "2024-09-30 04:38",
    "podcastName" : "Study Motivation by Motivation2Study",
    "episodeName" : "Why Wake Up Early? - Best Study Motivation",
    "msPlayed" : 696999
  },
  {
    "endTime" : "2024-09-30 04:49",
    "podcastName" : "Study Motivation by Motivation2Study",
    "episodeName" : "BELIEVE IN YOURSELF - Powerful Motivational Speech for Students",
    "msPlayed" : 589070
  },
  {
    "endTime" : "2024-09-30 06:05",
    "podcastName" : "Study Motivation by Motivation2Study",
    "episodeName" : "LISTEN TO THIS DAILY AND DOMINATE EVERY DAY - Morning Motivation",
    "msPlayed" : 575895
  },
  {
    "endTime" : "2024-09-30 06:19",
    "podcastName" : "Study Motivation by Motivation2Study",
    "episodeName" : "NO EXCUSES, GET IT DONE | Powerful Motivational Speech | Jocko Willink",
    "msPlayed" : 608600
  },
  {
    "endTime" : "2024-09-30 06:29",
    "podcastName" : "Study Motivation by Motivation2Study",
    "episodeName" : "The Mindset That Will Change Your Life IMMEDIATELY - Student Motivation",
    "msPlayed" : 600267
  },
  {
    "endTime" : "2024-09-30 14:17",
    "podcastName" : "Study Motivation by Motivation2Study",
    "episodeName" : "MORNING MOTIVATION - Wake Up Early and Listen Every Day! - 1-Hour Motivation",
    "msPlayed" : 1296765
  },
  {
    "endTime" : "2024-10-02 07:00",
    "podcastName" : "Study Motivation by Motivation2Study",
    "episodeName" : "For When You're Studying Late at Night - Best Study Motivation",
    "msPlayed" : 493688
  },
  {
    "endTime" : "2024-10-07 02:18",
    "podcastName" : "Study Motivation by Motivation2Study",
    "episodeName" : "GO ALL IN - Powerful Motivational Speeches 2024",
    "msPlayed" : 582948
  },
  {
    "endTime" : "2024-10-07 02:26",
    "podcastName" : "Study Motivation by Motivation2Study",
    "episodeName" : "THE SUCCESS MENTALITY - Best Motivational Speeches",
    "msPlayed" : 510589
  },
  {
    "endTime" : "2024-10-07 02:27",
    "podcastName" : "Study Motivation by Motivation2Study",
    "episodeName" : "THINGS TO DO INSTEAD OF SCROLLING |  Ideas For A Fun, Productive Summer",
    "msPlayed" : 40038
  },
  {
    "endTime" : "2024-10-07 10:21",
    "podcastName" : "Study Motivation by Motivation2Study",
    "episodeName" : "DO NOT WASTE TIME | Powerful Advice to Stop Wasting Time 2024",
    "msPlayed" : 4754963
  },
  {
    "endTime" : "2024-10-07 10:22",
    "podcastName" : "Study Motivation by Motivation2Study",
    "episodeName" : "DO NOT WASTE TIME | Powerful Advice to Stop Wasting Time 2024",
    "msPlayed" : 89573
  },
  {
    "endTime" : "2024-10-07 10:28",
    "podcastName" : "Study Motivation by Motivation2Study",
    "episodeName" : "Seven Reasons Why Reading a Book a Week Can Change Your Life",
    "msPlayed" : 339731
  },
  {
    "endTime" : "2024-10-07 10:59",
    "podcastName" : "Study Motivation by Motivation2Study",
    "episodeName" : "30 Minutes For The Best 30 Years of Your Life | Best Motivational Speech Compilation EVER",
    "msPlayed" : 1844218
  },
  {
    "endTime" : "2024-10-07 11:07",
    "podcastName" : "Study Motivation by Motivation2Study",
    "episodeName" : "LAZINESS IS NOT AN OPTION - Best Study Motivation Compilation for Students",
    "msPlayed" : 507764
  }
]