{
  "tracks": [
    {
      "artist": "SZA",
      "album": "SOS",
      "track": "Nobody Gets Me",
      "uri": "spotify:track:5Y35SjAfXjjG0sFQ3KOxmm"
    },
    {
      "artist": "Toosii",
      "album": "Favorite Song",
      "track": "Favorite Song",
      "uri": "spotify:track:1SRw5p2lVAi7RGlHEmZg66"
    },
    {
      "artist": "Olamide",
      "album": "UY Scuti",
      "track": "Want",
      "uri": "spotify:track:3dEqPYFBUAOU0fqpudVnJW"
    },
    {
      "artist": "FAVE",
      "album": "Riddim 5",
      "track": "Mr Man",
      "uri": "spotify:track:6VQMo5jaGsonAAPCRkfkQO"
    },
    {
      "artist": "Fireboy DML",
      "album": "Laughter, Tears & Goosebumps",
      "track": "Like I Do",
      "uri": "spotify:track:3B5slaBuBK0BsuNw570pmx"
    },
    {
      "artist": "FAVE",
      "album": "Beautifully",
      "track": "Beautifully",
      "uri": "spotify:track:7mFrwc86C3vZKobwpK0jdH"
    },
    {
      "artist": "Blaqbonez",
      "album": "Like Ice Spice / Bezos",
      "track": "LIKE ICE SPICE",
      "uri": "spotify:track:61iDSv1MgCsdo0zKXGxvCO"
    },
    {
      "artist": "Soundz",
      "album": "In The Rough",
      "track": "Attention",
      "uri": "spotify:track:1VxjsBmtDT2Vmhr6YpW9G2"
    },
    {
      "artist": "KB Mike",
      "album": "Rider",
      "track": "Rider",
      "uri": "spotify:track:28b9mmmbUxfBpLGeOv1xzx"
    },
    {
      "artist": "Wendy Shay",
      "album": "Survivor",
      "track": "Survivor",
      "uri": "spotify:track:2FUyod5LVoX1JcgesHVfKk"
    },
    {
      "artist": "Drake",
      "album": "Certified Lover Boy",
      "track": "Fountains (with Tems)",
      "uri": "spotify:track:08XWh5c0BMyD1nKVxxl91z"
    },
    {
      "artist": "Kizz Daniel",
      "album": "King Of Love",
      "track": "Boys Are Bad",
      "uri": "spotify:track:6nnZHjSHt0ZNtx4bIUky9P"
    },
    {
      "artist": "Oxlade",
      "album": "OVAMI",
      "track": "OVAMI",
      "uri": "spotify:track:1QO7M1UGJsHno3cf5aHCri"
    },
    {
      "artist": "Magixx",
      "album": "Colors (My Baby) / Loyal",
      "track": "Colors (My Baby)",
      "uri": "spotify:track:0lTUcfkmtQPp6mhjC6EBPq"
    },
    {
      "artist": "Pheelz",
      "album": "Stand By You",
      "track": "Stand By You",
      "uri": "spotify:track:6Y8rlNz9wcfWOMGiHPgYzI"
    },
    {
      "artist": "Kid AlpHa",
      "album": "Closer",
      "track": "Closer",
      "uri": "spotify:track:4TnbVrRDnijKjeWnq1yyrh"
    },
    {
      "artist": "DonGiela",
      "album": "When I See You",
      "track": "When I See You - Open Verse",
      "uri": "spotify:track:1wVlrrE3zp2StNiRo1x8Nc"
    },
    {
      "artist": "Magixx",
      "album": "Love Don't Cost A Dime (Re-Up)",
      "track": "Love Don't Cost A Dime (Re-Up)",
      "uri": "spotify:track:0hW02S9ACVYANz1ica10jH"
    },
    {
      "artist": "G-Eazy",
      "album": "These Things Happen",
      "track": "Tumblr Girls (feat. Christoph Andersson)",
      "uri": "spotify:track:4Fv6wNYUixnYkj3Dgfrls8"
    },
    {
      "artist": "Highlyy",
      "album": "Soldier (feat. Tion Wayne)",
      "track": "Soldier (feat. Tion Wayne)",
      "uri": "spotify:track:2DPXhOOJwF3M6dlnQDqa71"
    },
    {
      "artist": "Aqyila",
      "album": "Hello",
      "track": "Hello",
      "uri": "spotify:track:1Sr7G1nLlnAFZ8AKT7PuGo"
    },
    {
      "artist": "Pheelz",
      "album": "Ballin",
      "track": "Ballin",
      "uri": "spotify:track:38pUC2TP8xGbElhi1hFAXg"
    },
    {
      "artist": "gnash",
      "album": "us",
      "track": "i hate u, i love u (feat. olivia o'brien)",
      "uri": "spotify:track:7vRriwrloYVaoAe3a9wJHe"
    },
    {
      "artist": "Iyanya",
      "album": "The 6th Wave",
      "track": "Scam",
      "uri": "spotify:track:1O9LBd2YOrQyOofDVkNQjV"
    }
  ],
  "albums": [
  ],
  "shows": [
  ],
  "episodes": [
  ],
  "bannedTracks": [
  ],
  "artists": [
    {
      "name": "Burna Boy",
      "uri": "spotify:artist:3wcj11K77LjEY1PkEazffa"
    },
    {
      "name": "Davido",
      "uri": "spotify:artist:0Y3agQaa6g2r0YmHPOO9rh"
    },
    {
      "name": "Maverick City Music",
      "uri": "spotify:artist:58r1rB5t3VF5X6yXGPequV"
    }
  ],
  "bannedArtists": [
  ],
  "other": [
  ]
}